title,body
"Présentation générale","###La formation MIAGE

Les MIAGE sont nées d'un besoin fort exprimé par les entreprises : disposer de collaborateurs sachant répondre à l'exigence croissante de la vie des organisations en matière de gestion des informations et de prise de décisions. Disposant d'une culture transversale mais approfondie, mêlant aussi bien la connaissance des problématiques de gestion, que la maîtrise des sciences et technologies de l'information, les miagistes possèdent une solide réputation de polyvalence qui explique leur succès auprès des établissements financiers, des sociétés industrielles, sociétés de services informatiques (SSII), éditeurs de progiciels de gestion, grandes administrations... La plupart de nos étudiants sont embauchés sur le lieu même de leur stage final.

###Les compétences

Les compétences développées reposent sur 3 axes principaux :

- Leur capacité à analyser et comprendre le fonctionnement et les besoins des organisations (problèmes comptables, logistiques, financiers, etc.).
- Leur aptitude à proposer des solutions informatiques et assurer leur mise en oeuvre (gestion de bases de données, réseaux, développement d'intranet et internet, ...).
- Une culture complémentaire nécessaire, intégrant aussi bien les outils mathématiques appliqués à leurs besoins,que la maîtrise des langues étrangères et des techniques de communication.

L'enseignement de MIAGE est orienté vers la professionnalisation des étudiants. Il repose, outre les formes de l'enseignement classiques, sur de nombreux projets d'application conduits en groupe, des travaux de terrain et des stages longue durée, qui mettent les étudiants en situation de conduite de projets, et confrontent leurs acquis à la réalité des organisations.
Depuis 1980, le parcours proposé par la MIAGE de Bordeaux est le fruit d'une cohabilitation réussie entre l'Université scientifique Bordeaux 1 et l'Université de droit, économie et gestion Montesquieu Bordeaux-IV. Les diplômes délivrés, intégrés dans le processus LMD, sont reconnus au niveau européen : Bac + 3 (licence) et Bac + 5 (master professionnel).

###La professionnalisation : un atout majeur

Elle est assurée par des stages de longue durée (10 mois en tout) et la réalisation de projets en entreprise:

- L3 : pré-professionnalisation en entreprise (2 mois),
- M1 : projet en entreprise (2 mois) + stage entreprise (3 mois minimum)
- M2 : pré-insertion professionnelle (4 mois minimum).

###Le partenariat Université - Entreprise

Élément majeur de la dynamique des formations, il intervient à différents niveaux :

- Propositions de programmes pédagogiques
- Conseil de perfectionnement
- Enseignements assurés par des industriels
- Financement par la taxe d'apprentissage,
- Accueil des étudiants en stage et proposition de projets en entreprise"
"Enseignements","- **Ingénierie des Systèmes d'information**: 
Modélisation, environnement, méthodes d'analyse de conception, fonctions et processus, qualité, gestion de projets et mise en oeuvre.
- **Sciences et technologies informatiques**: 
Systèmes informatiques : bases de données, systèmes d'exploitation, réseaux, entrepôts de données, programmation : algorithmique, concepts et langages (objets, répartis, ...).
- **Mathématiques pour l'informatique et l'organisation des entreprises**: 
Algèbre linéaire, algorithmique numérique, statistiques et probabilités, recherche opérationnelle, fouille de données.
- **Gestion des organisations**: 
Gestion comptable, économie, analyse financière, gestion de la production, gestion des ressources humaines, marketing, aspects juridiques.
- **Communication et langues**
- **Professionnalisation**"
"Débouchés Professionnels","Les débouchés professionnels des miagistes sont nombreux. Les MIAGE forment des cadres spécialisés dans l'ingénierie des systèmes d'information et de décision des entreprises. Les compétences acquises font des miagistes des collaborateurs recherchés, qui trouvent leur place dans les fonctions d'encadrement de l'information et de l'organisation des entreprises.

À l'issue de la formation:

- Métiers centrés sur une approche générique des systèmes d'information : gestionnaire d'applications, auditeur informatique, architecte des systèmes d'information
- Métiers centrés sur une approche technique et technologique : administrateur de bases de données, intégrateur d'exploitation, expert en technologie internet et multimédia, expert en technologie des systèmes décisionnels, audit informatique, contrôleurs de gestion

Après les premières années d'expérience:

- Consultant : ERP, informatique, technologies, e-business, conduite du changement,
- Auditeur informatique
- Chef de projet maîtrise d'ouvrage et maîtrise d'oeuvre,
- Intégrateur d'applications,
- Expert en méthodes, outils, qualité, sécurité, et/ou données.

À plus long terme:

- Direction des systèmes d'information.
- Les compétences acquises font des Miagistes des collaborateurs recherchés, qui trouvent tout naturellement leur place dans les fonctions d'encadrement du secteur de l'informatique et de l'organisation des entreprises.
Un taux d'insertion professionnelle de plus de 95% dans les trois mois qui suivent la fin des études"
"Ouverture Internationale","Il existe plusieurs possibilités pour un étudiant de la MIAGE de réaliser un semestre ou une année d'études à l'étranger dans son cursus de Licence ou Master MIAGE.

###Erasmus

Dans le programme Erasmus de l'Union Européenne, les étudiants d'une université peuvent être inscrits dans une université étrangère partenaire sans avoir à payer des droits d'inscription et leurs notes seront prises en compte pour l'attribution d'un diplôme de leur université d'origine. Les deux universités doivent avoir préalablement signé un accord bilatéral d'échanges. Pour les étudiants de la MIAGe il existe déjà des accords avec les universités de:

- Brunel (Angleterre)
- Katholieke Hogeschool Leuven (Belgique)
- Nouvelle Université Bulgare
- Pays Basque (Espagne)
- Lübeck (Allemagne)
- Florence (Italie)
- Växjö (Suède)

Mais d'autres accords peuvent être signés si les deux universités le veulent. Un étudiant participant à un des ces échanges reçoit une bourse Erasmus. Les échanges prévus par ces accords sont pour un semestre sauf à Brunel (un an). Les cours sont donnés dans la langue du pays sauf à Leuven et Växjö où il y a de programmes spécifiques pour des étudiants étrangers en langue anglaise.

###Leonardo

Dans le programme Leonardo de l'Union Européenne, des étudiants peuvent effectuer un stage dans un autre pays de l'Union. Ces étudiants reçoivent une bourse Leonardo.

###Crepuq

Il existe un accord entre les universités de Bordeaux et les universités du Québec permettant à un étudiant de Bordeaux de faire une année d'études à une université québecoise sans avoir à payer des frais d'inscription. Si les cours suivis au Canada sont validés, l'année passée au Canada peut être comptée comme l'équivalent d'une année validée à Bordeaux pour l'attribution d'un diplôme MIAGe.

###Autres

D'autres propositions d'etudes à l'etranger comme partie du programme de la MIAGe peuvent être acceptées si le programme proposé correspond à celui de la MIAGe.

###Equivalence des notes

Dans le système européen ECTS (European Credit Transfer System), les notes des cours effectués lors d'un échange Erasmus sont traduites en notes de l'université d'origine et prises en compte exactement comme celles des cours de cette université.
Pour les autres échanges, le jury de fin d'année de la MIAGe décide les équivalences.

###Modalités

Avant de participer à un échange l'étudiant doit avoir son programme d'études validé par le responsable des échanges de la MIAGe comme l'équivalent d'un semestre ou une année du programme MIAGe.
Pour tous les échanges il faut déposer une candidature bien à l'avance afin que la sélection puisse être faite. La sélection sera basée sur les notes dans les modules déjà complétés, et en particulier celles des modules de langues. En général il faut avoir une moyenne de 11 ou plus.
Pour les échanges Erasmus avec Brunel, il faut candidater (par mail à Mme CARRERE Frédérique : carrere@labri.fr) avant le début des stages;
pour les autres Erasmus les candidatures seront demandées à la rentrée. Pour le CREPUQ, il faut déposer un dossier de candidature à la DAI vers février pour l'année suivante.
Un étudiant pensant candidater pour une bourse Leonardo doit notifier le responsable des échanges le plus tôt possible parce qu'un nombre limité de ces bourses sera attribué à la MIAGe en fonction des demandes prévues.
Le montant des diverses bourses est susceptible de varier d'une année à une autre. Les valeurs les plus récentes connues sont de: 170 euros/mois (Erasmus) ou 75 euros/semaine (Leonardo); aux bourses Erasmus peuvent être ajoutés selon les circonstances des bourses de votre département ou région ou des compléments pour des étudiants boursiers.
Pour les échanges et les bourses de l'Union Européenne, l'étudiant doit être un citoyen d'un des pays de l'Union (ou quelques autres pays ayant un accord avec l'Union); pour les non-citoyens, il est possible d'être accepté pour un échange mais cela dépend de la bonne volonté des universités partenaires.
Dans tous les cas l'étudiant qui part à l'étranger est un ambassadeur de la MIAGe et un comportement exemplaire est exigé."
"Vie Étudiante","La vie étudiante des Miagistes est animée par deux associations (loi 1901) :

###JUMBO

L'entreprise Junior de la Miage, propose ses services aux entreprises sur les domaines de compétences des Miagistes : réalisation de logiciels, bases de données, cahiers des charges, recettes d'application, réseaux, formation à caractère informatique et audit.
Site Internet: JuMBo

###AMB

L'association de la Miage de Bordeaux, organise les activités extra-scolaires et facilite la vie étudiante des Miagistes (week-end d'intégration, soirées, gestion d'une bibliothèque de revues professionnelles financées par la Miage).
Site Internet: AMB"
"Conseil de perfectionnement","Le Conseil de Perfectionnement est composé d'entreprises intéressées par la formation, de l'équipe pédagogique de la MIAGE et de ses autorités de tutelle. Il se réunit une à deux fois par an pour faire le point sur la formation et proposer des évolutions. Il est présidé par Jean-Luc GELIN , directeur des ressources humaines chez CAP GEMINI.

**Dernière réunion du Conseil**: Vendredi 14 juin 2013 au Labri à 17h30

**Prochaine réunion du Conseil **: dernier trimestre 2013

**Ordre du jour** : est  précisé dans de la convocation des membres du conseil de perfectionnement.

Les sujets généralement abordés sont les suivants:

- Le cursus de la Miage et son évolution
- Les stages en entreprise
- Le placement des étudiants
- L'apprentissage
- Les utilisations de la taxe d'apprentissage
- La formation à distance emiage
- etc..."
"Contact","###Secrétariat

Pour tout renseignement à caractère administratif veuillez contacter Madame Rosine BOILEAU au secrétariat de la MIAGE :

- email: miage@labri.fr
- téléphone: 05 40 00 60 46
- télécopie: 05 40 00 89 49

###Adresse

MIAGE Université Bordeaux 1, Labri 351, cours de la Libération 33405 Talence Cedex

###Locaux

Principalement situé sur le campus de Talence, la MIAGE dispose des locaux suivants :

- **Bât. A30 1er**: Secrétariat pédagogique et salles de réunions situés à la pointe du bâtiment.
- **Bât. A29 1er**: Salles 3, 4 et 5 destinées aux Cours, Travaux Dirigés, Entretiens de sélection et Soutenances de stages.
- **Bât. A28 1er**: 2 salles destinées aux Travaux Pratiques.

###Comment s'y rendre

- En taxi : Demander l'Université Bordeaux I, 351, cours de la Libération, TALENCE.
- En tramway : la ligne B dessert le campus (arrêt Peixotto)
- En véhicule motorisé : Par la rocade, sortie 16 : Talence-Domaine Universitaire. Prendre la direction de Bordeaux. Si vous êtes au centre ville, il faut trouver la place de la Victoire. A partir de là, le Domaine Universitaire de Talence est fléché.  <br/><br/><br/>

<a href =""https://www.google.fr/maps/place/351+Cours+de+la+Lib%C3%A9ration,+M%C3%A9diaquitaine,+33400+Talence/@44.8072758,-0.5963784,16z/data=!4m2!3m1!1s0xd5527777a6fa835:0xcb1e23d8fa5bd489""><img src=""http://www.math.u-bordeaux1.fr/~fpazuki/index_fichiers/CarteBordeaux.png"" alt=""Zozor"" /></a>"
"Parcours de formation","###L3 = Licence (BAC+3)

Année de mise à niveau des connaissances. Suivant le parcours suivi en L2, les étudiants suivent un enseignement adapté et reçoivent:

soit la Licence d'économie, gestion et sciences sociales option ""informatique de gestion"" de l'Université Montesquieu - Bordeaux IV,
soit la Licence d'informatique option ""informatique de gestion"" de l'Université Bordeaux I.
Consultez le lien: http://www.u-bordeaux1.fr/formation/formations-2011-2015/licence-science...

###M1 = Master1

Coeur de la formation MIAGe.

###M2 = Master Miage (Bac+5)

Le diplôme délivré est le Master mention Miage. Une formation en ligne est également disponible (voir l'onglet ""e-miage"")

Consultez le lien et selectionnez le master Miage: < a href=""http://www.u-bordeaux1.fr/no-cache/formation/formations-2011-2015.html"" \>

####**Spécialité**:

####**Systèmes d'Information de Gestion de Santé (SIGS)**


CETTE SPECIALITE DU MASTER 2 ième Année MIAGE de BORDEAUX N'EST PAS OUVERTE CETTE ANNEE 2013-2014.


**Présentation de la spécialité** :

Le monde de la santé, et plus particulièrement le secteur hospitalier, vit actuellement plusieurs grandes réformes pour des raisons structurelles
 
####**La sécurisation des soins médicaux**

Elle se traduit par plusieurs types d'initiatives, en particulier :

- Un meilleur partage de l'information entre les acteurs de la santé. Il s'agit au niveau national de la mise en œuvre du dossier médical du patient (DMP) mais également, au niveau régional, de très nombreuses initiatives de réseaux spécifiques de métiers (cancérologie, ...) ou de structures, médecine de ville-hôpital.

- La sécurisation de l'administration des médicaments : c'est le circuit du médicament qui vise à assurer une traçabilité et un contrôle depuis la prescription par le médecin jusqu'à l'administration par l'infirmier en passant par le contrôle du pharmacien.
 

####**Les changements des modes de financement de la santé**

D'une part, les hôpitaux basculent progressivement dans la tarification à l'activité (T2A). Ceci oblige les établissements à passer de l'objectif de maîtrise des coûts au tandem minimisation des dépenses-maximisation des recettes. D'autre part, le déficit des assurances maladies incite les pouvoirs publics à multiplier les réformes pour réduire le coût des remboursements.
                                                                                                          
**Place de l'informatique**
En ce sens, le plan Hôpital 2012 vise à augmenter la part du budget des hôpitaux consacré à l'informatique en la faisant évoluer significativement de 1,7% du budget global à plus de 3% en moyenne. Il est donc attendu que dans les prochaines années, un rythme soutenu estimé à 50 embauches annuelles d'ingénieurs ``Informatique de gestion médicale"" sur l’Aquitaine qui iront renforcer les rangs :

- des équipes de gestion de l'infrastructure informatique des DSI des hôpitaux ou cliniques privées,
- des équipes de développement chez les éditeurs de logiciels,
- des équipes de déploiement et d'intégrateurs de solutions.
C'est suite à ce constat et sur la base d'un rapport de l'agence INNOVALIS de la région Aquitaine, que la MIAGE de Bordeaux a demandé la création de cette nouvelle spécialité. Aussi, vu la spécificité de cette spécialité, elle sera co-habilitée, par les Universités Bordeaux 1 (Sciences et Technologies), Bordeaux 2 (Médecine) et Bordeaux IV (Droit, Economie, Gestion).

**CONTENU DE LA FORMATION**

Cette nouvelle spécialité s'adosse au master Miage déjà mis en place. Ainsi, plusieurs enseignements seront communs avec les autres spécialités.

**LISTE PAR DISCIPLINE**
                                        
#####**Informatique**

- Techniques de développement d'applications (mutualisé)
- Développement d'applications de gestion de santé
- Modélisation et analyse des systèmes d'information
- Conduite de projets informatique
- Réseaux avancés (mutualisé)
- Nouvelles applications des bases de données (mutualisé)
- Extraction de connaissances (mutualisé)

#####**Economie-Gestion**

- Système d'information hospitalier
- Système d'information de gestion de l'hôpital
- Système d'information de décision en santé publique
- Pilotage et performance des établissements hospitaliers

#####**Droit**

- Droit de la santé
- Marchés publics

**Candidature**:

La candidature à cette spécialité est ouverte à tous les étudiants titulaires d'un master première année de MIAGE. 

COMMENT CANDIDATER ?

En plus d'une demande administrative par internet à l'adresse:

<a href=""https://www.apoflux-bx1.u-bordeaux.fr/etudiant/"" >https://www.apoflux-bx1.u-bordeaux.fr/etudiant/</a>

 

Les candidats doivent envoyer un dossier comprenant:

- Un CV
- Une lettre de motivation

Le dossier devant être envoyé à l'adresse suivante :

**MIAGE de Bordeaux <br>
Candidature SIGS <br>
Université de Bordeaux 1 <br>
351, cours de la libération <br>
33405 Talence**

Le dossier devant nous parvenir avant le 30 juin 2011."
"Recrutement","Le Master MIAGE est précédé d’un parcours préparatoire de L3 « informatique de gestion ». L’entrée dans ce parcours est soumise à sélection sur dossier + entretien. Suivant le diplôme détenu, les étudiants doivent soumettre leur dossier soit à l’Université Bordeaux 1, soit à l’Université Montesquieu-Bordeaux IV. Les entretiens seront globalisés pour les deux Universités et se dérouleront dans les locaux de l’Université Bordeaux 1. Le Master MIAGE est cohabilité entre les deux Universités.

##Inscription en L3 Parcours Informatique de Gestion (MIAGE)

Peuvent postuler les étudiants qui ont validé 120 crédits dans les parcours des formations suivantes :

- licence mention **Informatique** ;

- licence mention **conomie et Gestion** ;

- licence mention **Mathématiques Appliquées aux Sciences Sociales** ;

-département **Informatique** ou département **STID** d’ IUT ;

- préparation au BTS en **Informatique de Gestion** ;

- diplôme équivalent.


Pour s'inscrire, veuillez lire les informations dans la rubrique ""candidatures""."
"Candidatures","##Comment s'inscrire ?

Seuls les dossiers provenant d'étudiants ayant des diplômes français peuvent être retirés selon les modalités ci-dessous. Les étudiants ayant des titres équivalents étrangers doivent prendre contact directement avec la scolarité de l'université Bordeaux-I, leur candidature étant soumise à conditions.

##Inscriptions en L3 parcours Informatique de Gestion (MIAGE)

L'entrée dans ce parcours est soumise à sélection sur dossier + entretien

- Vous êtes titulaire d’une L2 info, d’un DUT ou d'un BTS info, STID, Réseaux, ou d’un diplôme équivalent : faites votre demande d’inscription sur Apoflux au département Licence de l’Université Bordeaux 1:
Attention, pour télécharger votre dossier, vous devez sélectionner « licence sciences, technologie, santé », puis « Licence informatique ». Ce n’est qu’alors que l’option « MIAGE » vous sera proposée. <a href=""https://www.apoflux-bx1.u-bordeaux.fr/etudiant/"">Lien Apoflux pour la page MIAGE</a>

- Vous êtes titulaire d'une L2 Sciences  économiques (de l'université Montesquieu ou d'autre Université ) d'un DUT GEA, d'un BTS info/Gestion ou d'un équivalent : faites votre demande sur Apoflux à l'Université Bordeaux IV. <a href=""https://www.apoflux-bx4.u-bordeaux.fr/etudiant/"">Lien Apoflux pour la page MIAGE</a>


**Date limite de dépôt des dossiers : consultez le lien : <a href=""http://www.u-bordeaux1.fr/formation/admission-inscription.html"">http://www.u-bordeaux1.fr/formation/admission-inscription.html</a>**

Attention, vous devez sélectionner : ""inscription en 3 ième année de Licence de Gestion"" pour obtenir le choix ""L3 MIAGE""

Note : quelle que soit l'Université dans laquelle vous êtes inscrit, vous ferez partie de la même promotion de L3 et aurait accés au même MASTER MIAGE

Examen des dossiers et constitution de la liste des étudiants convoqués par l’équipe MIAGE aux entretiens ou refusés: entre le 18 et 22 juin 2012

**Entretiens d'admission** : 27 et 28 juin 2013



**IMPORTANT**

Les dossiers incomplets ne seront pas examinés.

Les relevés de notes éventuellement manquants doivent être joints dès leur disponibilité.

Les candidats ne venant pas de DUT INFORMATIQUE, DUT STD, BTS INFORMATIQUE, L2 ECONOMIE et GESTION, L2 INFORMATIQUE, L2 MASS, doivent joindre un descriptif de leur formation.

Pour toute information complémentaire écrire à : <a href=""emilie.dossantos@labri.fr"">emilie.dossantos@labri.fr</a>


##Inscription en Master Miage

- <a href=""http://www.u-bordeaux1.fr/formation/admission-inscription.html"">candidature en M1</a>

- <a href=""http://www.u-bordeaux1.fr/formation/admission-inscription.html"">candidature en M2</a>

Les candidats en MASTER 1 ou MASTER 2  MIAGE ne venant pas de Licence 3ième année Miage doivent joindre un descriptif de leur formation.


##Candidature M1 provenant de L3 informatique Bordeaux
A titre exceptionnel, et sous conditions (voir infra), les étudiants ayant obtenu une licence informatique de Bordeaux-I (L3) peuvent candidater directement en M1, mais :

- Dans tous les cas,il s'agit d'exceptions, étudiées au cas par cas, et non une procédure généralisée.
- Au mieux, il ne peut s'agir que de quelques cas, puisque l'essentiel des M1 nous vient des étudiants de L3 MIAGE, prioritaires. 

###Démarche

- Les candidats doivent d'abord prendre contact avec l'administration de la Miage pour obtenir un RDV etexposer leur cas et CV . Il est alors décidé de donner ou non une suite à cette candidature. S'il y a une suite, elle n'est pas un engagement au recrutement définitif. 
- Les étudiants devront montrer qu'ils ont acquis des bases suffisantes en gestion pour suivre les enseignements M1. A ce titre, soit ils justifient d'une expérience passée (Stages, formations antérieures, etc...), soit ils s'engagent à faire une mise à niveau sur la base d'un programme discuté lors de l'entretien avec la direction de la Miage et les responsables du recrutement. Dès lors , un entretien (ou examen) ultérieur viendra valider les acquis des candidats.
- Dans tous les cas, s'ils sont pressentis pour le M1, ils doivent, bien entendu, remplir un dossier de candidature normal."
"Apprentissage","La MIAGE ouvre une formation en apprentissage en Master 2 depuis Septembre 2008 et en Master 1 à partir de Septembre 2009.

L'apprentissage repose sur le principe de l'alternance entre :

- les enseignements théoriques dispensés à la Miage à l’Université Bordeaux1
- l'enseignement pratique du métier dans l'entreprise.
 

Cette formation vous permet :

 - De suivre le même cursus et obtenir le même diplôme que les étudiants en formation initiale
 - D’être salarié d’une entreprise et de percevoir un salaire
 - D’être intégré au monde de l’entreprise 
 - D’acquérir une expérience professionnelle valorisante facilitant une embauche à l’issue de la formation
 - D'obtenir des aides financières spécifiques.
 

Le programme de la formation en apprentissage est le même que celui de la formation initiale. Par ailleurs, vous travaillez en alternance en entreprise

En M2:

- Septembre - Décembre : en formation à Bordeaux 1
- Janvier - Mars : en entreprise
- Avril - Juin : en formation à Bordeaux 1
- Juillet - Septembre : en entreprise

En M1: 

- Septembre - Décembre : en formation à Bordeaux 1
- Janvier - Mars : en entreprise
- Avril - Mai : en formation à Bordeaux 1
- Juin - Août : en entreprise
 

**Qui s’occupe de l’apprenti dans l’entreprise ?**

Dans l’entreprise, l’apprenti(e) est placé sous la responsabilité d’un tuteur choisi par l’employeur en fonction de ses compétences professionnelles et pédagogiques. C’est le Maître d’Apprentissage. Il accompagne l’étudiant(e) tout au long de sa formation pour lui transmettre dans les meilleures conditions ses connaissances et savoir-faire. Il est également en relation avec le CFA de l'Université BORDEAUX 1 pour suivre la progression de l’apprenti(e) tout au long de la formation.


**Conditions d'admission**

Vous devez être âgé de moins de 26 ans (voir dérogations <a href=""http://www.fca.u-bordeaux1.fr/p2_apprentissage_qui.htm"">http://www.fca.u-bordeaux1.fr/p2_apprentissage_qui.htm</a> )

Pour le Master 2 : vous devez faire valoir des connaissances correspondant aux enseignements délivrés en L3 et M1 (Miage).

**Les responsables d'admission : Joanne Hamet - Directrice ou Henri Nicolas - Directeur adjoint**

Lien utile: <a href=""http://www.fca.u-bordeaux1.fr/p2_apprentissage_qui.htm"">http://www.fca.u-bordeaux1.fr/p2_apprentissage_qui.htm<\a>"
"E-MIAGE","##E-Miage, la formation MIAGE à distance

Vous êtes :

- Salarié
- Agent de la fonction publique
- Demandeur d'emploi
- Particulier 

Vous avez 5 ans d'expérience professionnelle en : 

- Informatique de gestion
- Gestion
- Finance
- Comptabilité 

Notre formation vous permettra de : 

- Concilier vie professionnelle et reprise d'études
- Donner un nouvel essor à votre carrière
- Vous repositionner sur le marché de l'emploi
- Développer une double compétence

Nous vous invitons à visiter <a href=""http://www.u-bordeaux1.fr/formation/formations-2011-2015/formations-a-distance.html"">notre site</a> pour tous renseignements complémentaires.
 

##Contexte national et international

En janvier 2007, une étape importante du développement de la formation MIAGE de Bordeaux a été franchie avec la mise en place d’une formation MIAGE en ligne ou e-miage. Cette formation diplômante n'est disponible pour l'instant qu’au niveau du Master 2ième année. Ce développement est réalisé en collaboration avec les six universités françaises impliquées dans le développement de l'e-miage. Cette formation s’adresse tout naturellement aux personnes intéressées par la formation continue, aux étudiants ne pouvant pas suivre les cours MIAGE de façon classique, ainsi qu'à toute personne résidant à l'étranger.


##Liens utiles

<a href=""http://www.fca.u-bordeaux1.fr/E-miage.htm""> Inscription et renseignements à Bordeaux</a>
<a href=""http://www.u-bordeaux1.fr/formation/formations-2011-2015/master-sciences-technologies-sante/oxcs-formation/diplome/BX1-PROG39079/BX1-PROG39079.html""> Site E-miage national </a>
<a href=""http://www.u-bordeaux1.fr/formation/formations-2011-2015/master-sciences-technologies-sante/oxcs-formation/diplome/BX1-PROG39079/BX1-PROG39079.html""> Programme année Master 2ème année </a>
<a href=""http://www.u-bordeaux1.fr/formation/formations-2011-2015/validation-dacquis-de-lexperience.html""> Modalité de validation des acquis (VAE) </a>"
"Entreprises partenaires","""Cette page est en cours de mise à jour""

 

Cette stratégie de travail avec les entreprises s’organise autour des axes suivants :

- un partenariat pédagogique : des cours et des conférences assurés par des professionnels,  la création d’ateliers dans le cadre du conseil de perfectionnement (voir rubrique Miage BDX Conseil de perfectionnement).
- un partenariat financier :  les entreprises  investissent dans notre formation par le versement de la taxe d’apprentissage et nous permettent d’effectuer  ainsi différents  projets qui répondent à leurs attentes
- un partenariat basé sur des projets et des stages L3-M1-M2 : les projets sont élaborés avec les professionnels dans le cadre du cursus de la formation M1, les entreprises proposent des stages sur le site de la Miage, ces stages ( L3 -2mois, M1-4mois, M2-6mois ) sont effectués au sein de l'entreprise par les étudiants .
 

 ADACIS	http://www.adacis.net/	 
 APSIDE	 http://www.apside.fr/	 
 ATOS	 http://www.fr.atosorigin.com/fr-fr/	 
 ASI	 http://www.asi-informatique.fr/	 
 ASTEK SO	 http://www.groupeastek.com/	 
 BPSO	 http://www.sudouest.banquepopulaire.fr/	 
 BULL	 http://www.bull.com/	 
 CEAPC	 http://www.societe.com/societe/caisse-d-epargne-et-de-prevoyance-aquitaine-poitou-charentes	 
 CAP GEMINI	 http://www.fr.capgemini.com/	 
 CDISCOUNT	 http://www.cdiscount.com/	 
 CEAN	 http://www.caisse-epargne.fr/index.aspx	 
 CHEOPS	 http://www.cheops.fr/	 
 COFINOGA	 http://www.credit-cofinoga.fr/	 
 EADS	 http://www.eads.com/eads/france/	 
 HP	 http://welcome.hp.com/country/fr/fr/welcome.html	 
 CAISSE DES   DEPOTS	 http://www.caissedesdepots.fr/	 
 IBM	 http://www.ibm.com/fr/fr/	 
 LA POSTE	 http://www.laposte.fr/	 
 CGI	 http://www.logica-carrieres.fr	 
 MAC KESSON	 http://www.mckesson.fr/	 
 AT Internet	 http://www.atinternet.com/	 
 SAP	 http://www.sap.com/france/index.epx	 
 SOGERMA	 http://www.sogerma.eads.net/	 
 SOGETI	 http://www.fr.sogeti.com/FR/nous_rejoindre/index.aspx	 
 SOPRA	 http://www.sopra.com/	 
 SQLI	 http://www.sqli-carrieres.com/	 
 STERIA	 http://www.steria.fr/	 
 SYLIS	 http://www.sylis.com/"
"Partenariat entre la MIAGE et les entreprises","Cette page présente et résume les différentes possibilités de coopération entre les entreprises et la Miage de Bordeaux, à savoir Participer au Conseil de Perfectionnement, Proposer un stage, Participer aux enseignements ou enfin Verser la taxe d'apprentissage, toutes actions très importantes pour une filière professionnalisée comme la Miage.

##Pourquoi ce partenariat est indispensable ?

L'objectif de la MI@GE est de former des étudiants dont les connaissances et expériences acquises tout au long de leur cursus, leur permettront de s'intégrer, au mieux, au sein d'une entreprise. Afin de remplir cette mission, la MIAGE a construit et entretient des collaborations étroites avec les acteurs informatiques de la région Aquitaine, petits ou grands, mais qui font tous une informatique de gestion de qualité, et qui, selon la déclaration du Directeur des Enseignements Supérieurs dans une récente circulaire ministérielle, travaillent en réelle coproduction avec la Miage, pour former les informaticiens de gestion dont les entreprises ont besoin. L'importance et la qualité des partenaires donnent donc à une filière professionnalisée toute sa légitimité."
"Enseigner à la MIAGE","Si vous avez personnellement le temps et l'envie de transmettre à nos étudiants un savoir particulier que vous avez pu acquérir dans votre métier et qui soit compatible avec le programme national des Miages (ou si vous connaissez une telle personne dans votre entreprise), n' hésitez pas à nous le soumettre : pour cela contacter le Directeur des Etudes de la Miage de Bordeaux."
"Proposer un stage","Proposez un stage <a href=""https://miage.emi.u-bordeaux1.fr/prod/stages/entreprise/formPropStage.php"">ici</a>"
"Taxe d'apprentissage","La taxe d'apprentissage, une ressource indispensable pour progresser et se développer ensemble! Une trentaine d’entreprises ont soutenu l'école en 2014 par le versement de subventions sous forme de Taxe d'Apprentissage!

##Quand la verser ?

Avant fin février 2015
Comment verser votre taxe d'apprentissage à la MIAGE ?

Vos versements doivent désormais obligatoirement passer par un organisme collecteur : CCI (Chambre de Commerce et d'Industrie), OCTA (Organisme Collecteur-répartiteur agréé de Taxe d'Apprentissage). Vous préciserez alors que le règlement doit être fait à l'ordre de :

M. L'Agent Comptable de l'Université Bordeaux 1 - MIAGE<br>
351 cours de la Libération<br>
33405 TALENCE CEDEX

Pour les catégories C (anciennement Cadre Supérieur) et B (anciennement Cadre Moyen) par cumul. La Taxe d'apprentissage est le seul impôt dont vous ayez la libre affectation. Il vous suffit de bien le préciser à votre organisme collecteur.

##Législation

La MIAGE est habilitée à recevoir la taxe d'apprentissage pour les catégories C (ex cadre supérieur CS) et B par cumul (ex cadre moyen CM). TA  = 0,5 % de la Masse Salariale Il se divise en ""Quota d'apprentissage"" (55%) et ""Hors Quota"" (45%). 

Consultez le lien suivant: http://www.syntec-apprentissage.fr/content/view/101/21/


##Utilisations de la taxe d’apprentissage :

Chaque année, la MIAGE consacre une part significative de son budget à un projet particulier : 2006 : e-miage et équipement informatique 2007 : Organisation des Journées Nationales Miage à Bordeaux 03/2008 2008 : Lancement de l’apprentissage 2009: lancement option SIGS en 2010 équipements informatique étudiants salles de cours. 2011 à 2014 repartition sur des projets en cours .Au nom de l’équipe pédagogique et de l’ensemble des étudiants miagistes, nous vous remercions du soutien et de la confiance que vous portez à la MIAGE de Bordeaux. Joanne Hamet et Henri Nicolas Co-directeurs de la Miage de Bordeaux."
"Compétences des stagiaires Miagistes","Les étudiants miagistes reçoivent une formation pluridisciplinaire qui leur assure une double compétence : Informatique et gestion. Toutes ces formations sont organisées de manière à rendre les étudiants aptes à assimiler rapidement de nouveaux langages, systèmes, logiciels... Pour plus de détails sur les compétences acquises en...

- <a href=""https://miagedev.emi.u-bordeaux1.fr/prod/accueil/?q=node/10"">L3 (Licence)</a>

Les compétences acquises en L3 permettent d'accéder aux bases du métier :

- connaissance et pratique de l'algorithmique et de la programmation (Java, C++, Cobol)
- connaissance et pratique de l'architecture des ordinateurs et des systèmes d'exploitation (Unix et Windows)
principes de transmission des données et des réseaux
- connaissance et pratique de SGBD (Access) et de langage d'interrogation de bases de données (SQL)
- approche méthodologique (Merise et UML) de la conception et de la réalisation d'une base de données
- analyse financière, techniques d'étude de marché, droit...
- pratique de 2 langues vivantes (général et technique)

**Objectif** : résolution d'un problème d'informatisation relatif à l'activité d'une entreprise. Tout en satisfaisant un besoin de l'entreprise d'accueil, ce travail devra permettre au stagiaire d'enrichir son expérience dans les domaines de l'analyse et de la programmation. Le sujet sera proposé par l'entreprise d'accueil et accepté par le responsable des stages de Licence MIAGe. Ce travail peut prendre l'une des trois formes suivantes :

- développement d'une application de gestion, de comptabilité, de calcul,
- réalisation d'interfaces conviviales, de tableaux de bord, d'états de sortie,
- conception et réalisation d'une base de données de taille moyenne.

##Calendrier des stages en L3

- Durée: 2 mois
- Période: juin - juillet

- <a href=""http://www.u-bordeaux1.fr/formation/formations-2011-2015/master.html""> Master 1</a> et <a href=""http://www.u-bordeaux1.fr/formation/formations-2011-2015/master-sciences-technologies-sante/oxcs-formation/diplome/BX1-PROG39077/BX1-PROG39077.html"">Master 2</a>

Tous les étudiants en Mi@ge acquièrent, de surcroît, des compétences ""terrain"", par le biais de stages effectués au sein d'entreprises tout au long de leur cursus :  en fin de première année de master (M1 - ex Maîtrise : bac+4), et en fin de seconde année de master (M2 - ex DESS : bac+5).

##Calendrier des stages en M1 et M2
- Stage M1 : durée 4 mois (Mai, Juin, Juillet, Août)
- Stage M2 : durée 6 mois (Avril, Juin, Juillet, Août, Septembre)"
"Equipe pédagogique","##Direction

Joanne Hamet	Directrice	hamet@labri.fr
Henri Nicolas	Directeur	henri.nicolas@labri.fr
Adrien Boussicault	Responsable Master 1	boussicault@labri.fr

##Responsables d'année

Frédéric Pourtier	Licence 3	pourtier@labri.fr
Adrien Boussicault	Master 1	boussicault@labri.fr
Henri Nicolas	Master 2	henri.nicolas@labri.fr

##Chargés de missions

Frédéric Pourtier	Recrutement des étudiants	frederic.pourtier@labri.fr	 	 
Christophe Maillet	Responsable des stages en entreprise	christophe.maillet@labri.fr

##Secrétariat

Malika FALI	Secrétariat	miage@labri.fr"
"Offre pédagogique","- Emplois du temps formation initiale: <a href=""http://www.disvu.u-bordeaux1.fr/et/edt_etudiants2/Licence/Semestre1/g57802.html"">L3</a>, <a href=""http://www.disvu.u-bordeaux1.fr/et/edt_etudiants2/Master/Master1/Semestre1/g56065.html""> M1 </a>, <a href=""http://www.u-bordeaux1.fr/formation/formations-2011-2015/master.html""> M2 </a>
- Emplois du temps Apprentis (consultable à partir du second semestre) : <a href=""http://www.disvu.u-bordeaux1.fr/et/edt_etudiants2/Master/Semestre2/g76209.html""> M1 </a>, <a href=""http://www.disvu.u-bordeaux1.fr/et/edt_etudiants2/Master/Semestre2/g76210.html""> M2 </a>
- Intranet étudiant: <a href=""https://miagedev.emi.u-bordeaux1.fr/prod/espaceEtudiant/PagesPerso/Accespage/identificationEtudiant.php""> accès </a>
- Emploi du temps des enseignants : <a href=""https://miagedev.emi.u-bordeaux1.fr/prod/espaceEtudiant/EdT/listeEnseignants.php""> accès </a>
- <a href=""http://www.u-bordeaux1.fr/index.php?id=1477&xsl=semestres&oid=BX1-PROG39077&xml=BX1-PROG39077#BX1-PROG40656""> Liste </a> des cours
- <a href=""https://miagedev.emi.u-bordeaux1.fr/prod/accueil//?q=node/2""> Projet pédagogique </a>: tablettes internet N800"
"Stage","Consultez les stages <a href=""https://miage.emi.u-bordeaux1.fr/prod/stages""> ici </a>"
"Partenaires de la MIAGE","- <a href=""http://www.labri.fr/""> LaBRI </a>
- <a href=""http://dept-info.labri.fr/""> Département informatique </a>
- <a href=""http://www.miage.org/""> Autres MIAGE </a>"
